zcr_mean,zcr_std,rmse_mean,rmse_std,centroid_mean,centroid_std,bandwidth_mean,bandwidth_std,rolloff_mean,rolloff_std,mfcc1_mean,mfcc1_std,mfcc2_mean,mfcc2_std,mfcc3_mean,mfcc3_std,mfcc4_mean,mfcc4_std,mfcc5_mean,mfcc5_std,mfcc6_mean,mfcc6_std,mfcc7_mean,mfcc7_std,mfcc8_mean,mfcc8_std,mfcc9_mean,mfcc9_std,mfcc10_mean,mfcc10_std,mfcc11_mean,mfcc11_std,mfcc12_mean,mfcc12_std,mfcc13_mean,mfcc13_std,file_name,class
0.07029324064675174,0.10484449905530119,0.013812659,0.0422244,3572.188395022733,2621.653405626651,3639.640181459667,2204.5247156769706,7952.596613979118,5029.138928235266,-542.0968,150.40143,46.3789,44.2992,4.3300967,22.34025,24.587713,18.431185,4.7930565,13.290797,12.435631,10.7305565,3.4051194,10.8672905,9.816041,8.673145,4.3277636,9.492041,5.4999175,8.546938,0.48292857,7.0661316,7.7345624,8.078377,3.2139878,7.520833,1-60676-A-34.wav,buka
0.25310642038863107,0.12404273891896053,0.025497971,0.06748983,7378.544908417362,1842.851739952774,4493.208619932583,1038.4330886093453,12268.230224042924,2527.1068231105537,-523.07074,185.21538,-10.362683,40.05338,-26.10202,40.901398,17.266556,16.45902,-4.201127,21.271791,15.421428,20.561634,-6.1560802,15.634611,6.939268,11.821288,-0.28880703,13.355505,12.192638,9.742858,4.4073873,10.425277,8.257361,10.083152,-2.3940244,9.418756,5-244327-A-34.wav,buka
0.04308090741009281,0.10630163893099098,0.0107703665,0.043665946,1638.673579161075,3020.991521888987,1169.8764026303343,2055.813983192194,3013.7991000217517,5309.768783785895,-623.0178,158.74818,6.528829,23.52214,-7.649855,24.757963,7.568645,15.424274,-2.6220539,12.0782,5.986775,12.831074,-1.8583494,10.151446,7.215451,14.266521,0.056390747,7.0960608,1.6733842,6.0380087,-0.60158366,5.186756,0.6900511,2.8288016,-1.171857,5.9136376,2-144031-A-34.wav,buka
0.05341411687935035,0.11573764529226947,0.015641326,0.048038125,2113.0339716439944,3129.2374400088634,1686.644209025127,2275.539720635739,4135.873830843968,5714.030283017586,-574.9923,168.08585,11.9049425,34.03254,-7.0822973,25.184813,10.666675,18.124334,2.064798,9.222847,9.695396,14.6052265,2.847394,7.5190687,7.2693243,11.983875,1.1097969,6.185695,4.8568554,7.6847515,0.69030493,6.297227,2.3989697,5.285916,0.18059608,5.46543,4-212728-A-34.wav,buka
0.11799525993329467,0.11931870938321151,0.015058277,0.020823445,4456.11945917101,4273.594196699375,3489.6799113436587,2441.3237403047196,7786.226390298724,7687.543080397909,-582.8718,134.37749,132.88124,119.37734,28.488249,34.147434,-12.901522,24.097414,-8.101051,18.468027,-0.66700965,7.4910083,0.8013926,8.968245,-2.9165907,9.170863,-6.70223,9.009106,-7.705462,10.932606,-6.8464336,8.48865,-2.1975956,8.852383,0.8706359,5.406569,3-101381-B-33.wav,buka
0.0835878589037123,0.00970042907078578,0.04826525,0.022465048,3403.6118390050774,752.7289527858501,3217.628084919151,882.9002380959253,6783.158828487529,2350.3586338961713,-244.76465,114.167915,126.2419,24.277683,-93.39913,40.44296,5.3012004,9.8748045,-47.850113,22.876461,19.878307,9.105208,-26.889229,15.108193,5.4837837,7.585516,-22.11663,9.774752,-2.214064,6.6274285,-15.03829,7.361683,-1.19449,6.34974,-9.886193,7.4006557,3-103401-D-33.wav,buka
0.06151777298433875,0.04050346345614454,0.01114401,0.01210134,2921.951507410269,1027.421363709098,3305.826845754698,1213.28584136939,6008.513087296984,2680.4244148261614,-531.1103,101.004585,102.80054,40.07918,-37.619095,44.19351,14.096192,18.383749,8.896959,27.567999,21.804075,12.446655,4.445717,18.892561,-1.0060191,15.281179,1.4665556,15.783358,5.493035,15.703012,4.1189213,17.943193,3.6665125,13.536456,7.589723,14.170441,1-51805-C-33.wav,buka
0.07893842444895592,0.016879330553843167,0.06678694,0.031287022,2666.502048824518,630.2462127345254,2487.1763737635933,570.048947504099,4841.8231583526685,1339.3498729508358,-198.87029,63.131218,165.81586,30.97431,-92.30025,12.200264,11.344417,8.957446,-27.949131,17.393005,20.377422,18.409868,-14.519211,17.736258,4.992741,12.801929,-2.6184163,10.67961,13.5548935,10.514595,2.5555205,6.9205494,6.996124,6.0316663,10.919748,10.544271,4-132839-A-33.wav,buka
0.09457362057714618,0.06349786933136738,0.035995595,0.02779953,3960.794947716982,1594.6746963843311,3661.942886357283,1161.2550496665797,7728.571363834107,2714.738249510662,-341.35034,200.8916,91.60671,49.364265,-37.485268,53.019493,27.161158,26.09889,-11.682774,19.102816,10.048182,18.152119,-9.125152,15.068526,-9.057697,13.014808,-11.7544985,13.118009,6.9220276,11.518151,-4.2691827,14.657204,8.26676,12.473808,2.944954,15.446405,1-51805-G-33.wav,buka
0.05997249311194896,0.08937513947437818,0.003103453,0.013387071,2353.181226762783,2801.7506406190114,2077.785054453268,2372.9906009077945,4690.191437971288,5489.652838729224,-684.1688,140.30823,17.655964,24.31321,-11.811501,33.617897,2.751209,11.171686,-0.089884676,13.4039545,6.653368,10.02758,2.253481,10.081953,6.1672525,11.358428,-0.2399115,8.910937,5.3214793,8.962163,6.031655,9.295267,3.1346574,5.346375,2.2283986,4.5152855,4-179836-A-34.wav,buka
0.07609936919953596,0.15419781903881338,0.0106425565,0.046662737,1938.1208811341478,3764.442151761068,1036.9270076378955,1959.3732325924684,3074.6016712587007,5899.089317583223,-593.1833,120.51609,-3.6816108,26.848974,-9.79142,30.890205,0.17509423,8.95249,-5.4569974,19.105932,-0.4640507,9.189421,-2.8709972,10.970394,2.1382263,7.273221,-0.2225091,6.285647,1.1357914,5.2384353,-0.5063764,3.55417,0.54186875,5.323474,-1.3277547,4.680973,3-147342-A-34.wav,buka
0.06401922310034802,0.052334309773894555,0.042120833,0.04356541,3082.5266472650205,760.3112285851262,3552.405681977567,955.7927059564985,6312.975592734919,1832.3944602762983,-380.76117,214.9211,101.23137,21.10864,-45.578438,64.423996,34.712345,9.316335,2.1664104,13.18448,20.863707,7.7710958,-1.675775,12.746239,10.99831,5.479355,-2.3720553,11.116557,6.82879,8.852863,-0.7914787,10.307642,10.06371,5.914058,0.35678518,10.695386,3-94355-A-33.wav,buka
0.03687146534222738,0.06798855598990385,0.019805003,0.057164043,2382.9354149001865,1936.957373817403,3079.8456266267376,1585.4985757100258,5145.136560143562,3829.9588537984732,-450.71222,114.05958,65.71461,39.905968,12.521167,27.178576,4.7165675,10.839636,-4.9654794,11.418104,6.3769464,12.829993,10.669724,8.94515,16.048018,11.487816,3.807501,10.935582,-0.007876155,6.1362705,5.733935,6.8491197,6.9107885,6.9854755,4.5412006,6.5391593,5-221878-A-34.wav,buka
0.028776872462296984,0.017994602553321262,0.027687019,0.0140260225,2011.0308333035048,900.8937861227191,3137.4561933123823,1019.5608414005,4086.2125688805104,2717.250755466375,-346.03748,70.52277,166.54419,34.762226,-8.879659,34.230114,29.024961,13.94787,13.275556,8.346098,16.77408,7.241082,-1.7328075,7.465435,13.460088,5.1346583,3.3301053,4.200964,17.405735,4.4165053,-2.8028584,5.0156746,-0.52733356,5.8346076,-12.876587,5.6701865,5-161270-A-33.wav,buka
0.010063578523781903,0.008167884634394613,0.03976715,0.028170196,544.6850014608635,316.43295898505903,1257.5317768000311,536.9579718502935,815.2140960339327,764.8301349950486,-457.81146,79.9933,163.82867,55.44194,43.93204,33.057343,10.50894,22.608854,28.537663,12.109944,28.219627,12.627181,10.946008,11.48657,0.22635372,7.1908774,4.0143614,5.6882863,11.117851,8.092251,5.9162526,7.5558014,-5.6343055,5.614035,-7.164415,5.2273455,4-160036-B-33.wav,buka
0.08683475928074245,0.04135307355275419,0.021775343,0.027999833,3400.9987258277697,1070.4083364568983,3504.057429138382,1122.8321039510317,6972.76093024942,2852.3784773821153,-360.58774,102.93755,123.91381,36.646774,-47.98357,50.741966,17.484766,17.340399,-10.528979,17.171766,16.576605,10.994776,-5.230036,11.061413,7.26549,7.3685026,-8.86162,7.836697,-2.1665442,7.794402,-5.080017,5.7688417,-2.6769216,5.865334,-5.5445924,5.40634,3-103401-A-33.wav,buka
0.08609157482598608,0.10367332866013836,0.080040134,0.11816269,2382.587514001361,2789.698682597575,1579.000627633348,1858.7412568886584,3725.993556046984,4389.329488285636,-417.9248,272.37177,18.2343,32.74242,-29.871103,39.29094,23.844267,29.580708,-15.057949,19.561296,5.2093887,8.747301,-1.2024313,10.370137,0.5449956,6.3107944,-10.563084,15.808951,8.663754,11.172135,-6.142245,10.497028,3.0031853,7.655113,-8.070507,11.968672,4-107120-A-33.wav,buka
0.05319773238109049,0.10266157180015617,0.020499807,0.06321857,1283.2196098807692,2448.3978850566577,711.0358036751879,1386.2314659508804,2010.8314602668213,3849.3376495875464,-613.4746,198.04625,9.952852,25.606436,-19.812717,45.725235,13.698621,26.875214,-9.708953,22.798462,4.228968,10.995566,-1.1039973,7.689433,2.1545017,5.237674,-0.95459324,5.981725,2.075843,4.823073,0.10078336,3.80249,-0.1447432,3.024869,-0.961025,3.7902493,2-81190-A-34.wav,buka
0.033189530162412995,0.07141799469357799,0.009666625,0.04107381,886.1400928456928,1850.5844640860867,569.8350054870816,1287.4592316444857,1392.1140878770302,3101.740092834037,-588.4978,113.43203,11.4114895,33.072437,-16.750618,41.41287,4.6900706,19.72853,1.2817676,7.9710627,-4.858378,13.638557,4.05598,11.785058,-0.1986557,8.030978,-0.76965225,7.8576827,5.996907,13.4166765,0.7983801,7.6693153,0.050882034,4.543599,0.83327913,4.5816226,5-260011-A-34.wav,buka
0.08774674630220418,0.12677725849016658,0.050258845,0.11165102,5199.189194571005,2100.9367013972574,4985.770876825708,594.8532689157554,10211.3846568663,3051.6658511804694,-358.14835,120.656166,35.62553,36.29129,-8.353741,32.51781,35.314384,14.298929,7.243285,13.050568,1.4836584,9.86268,24.528212,10.159162,9.007001,9.517746,6.6834283,10.659422,15.327763,8.182613,3.0491073,8.433959,5.1778727,8.160923,-1.404059,7.0324106,5-237795-A-34.wav,buka
0.04693164515661253,0.09146760455533387,0.032878365,0.09968402,1516.9053754610527,2670.6976311942417,1188.4076891174088,1966.6826851054204,2826.045556300754,4828.684223932078,-459.18655,179.18793,16.821873,34.365326,-13.363341,29.481382,4.1645064,11.446195,-2.9361787,11.234889,5.59026,10.813541,0.28844887,7.6342998,6.7903905,13.852462,1.2337294,7.555694,3.2983403,8.250336,1.0296097,4.782289,0.72877866,5.22698,1.1826541,3.0841215,5-236299-A-34.wav,buka
0.14160949282192575,0.06797668086154549,0.03304216,0.09694081,6445.399505566754,975.8358535784471,5676.824351727325,1013.3604108698147,13819.86987474623,2360.337547504725,-412.41837,127.313644,47.152832,22.11801,9.29605,41.98855,30.003475,13.385406,6.998513,21.178299,19.57228,8.038339,4.463351,9.816698,15.153463,6.1729136,-3.123504,8.195293,11.049135,4.3928776,0.31293282,5.7930036,11.736973,4.421134,-1.9943532,4.8819284,1-68670-A-34.wav,buka
0.08880034621519721,0.03660092194039861,0.012353895,0.0067587993,3325.102449742091,522.583066823706,3215.549555191335,987.9949941416219,6618.6871238761605,1783.685679029864,-375.6324,107.52747,129.77197,19.722351,-69.57152,64.80656,44.397964,19.29547,-23.217258,18.744854,15.131607,8.337525,-9.743465,10.663053,7.4679694,7.020834,-7.300405,7.2963467,5.326494,9.2071,3.9347634,5.28446,7.185114,5.708093,-0.14386892,5.376056,3-118194-A-33.wav,buka
0.06201171875,0.07802473746210739,0.0040577464,0.017285757,2531.411153369493,2721.455215750786,2267.4270312163303,2444.7290775104893,5126.5510576783645,5558.078071984178,-652.27985,140.07175,20.91287,27.095972,-15.35399,38.31217,8.040122,13.8475065,3.689849,15.239104,10.540861,13.7307,5.4212837,10.090231,7.1113,10.428282,1.9002849,11.939142,6.3751965,8.433183,4.526013,8.423879,1.9350824,5.2613854,0.69043773,5.550635,1-41615-A-34.wav,buka
0.03262534440255221,0.012561810776724677,0.008541218,0.007814406,3627.1395182365613,1292.6545995686165,4295.419244551352,904.3505894541883,7968.584142981438,2637.34845821975,-472.48065,193.78035,112.63769,32.801212,-4.0609727,32.364014,40.154194,12.909758,-2.06371,15.635996,12.824175,7.4668355,-8.400309,16.062115,0.9368806,8.591727,-0.8877406,9.851041,-0.12631933,8.53398,-10.283024,13.004528,-0.41337422,5.936944,-8.832518,8.251735,5-177779-A-33.wav,buka
0.12077313841357308,0.12605575998172328,0.024367148,0.08629042,5051.797276215865,3109.4810847500985,4114.845143373365,2258.451264228527,9977.567045207366,5586.599350654112,-494.1024,155.52272,22.13347,28.503132,3.070313,25.631527,19.094053,19.606665,-1.1543127,13.363504,13.191327,11.853599,0.25359556,9.582084,21.398,18.42242,8.996392,11.370678,10.417985,9.896601,3.8409631,7.124859,5.731588,7.839929,-0.9860079,7.4125957,4-264453-A-34.wav,buka
0.028042751232598608,0.04212872885901901,0.007860562,0.015382129,1161.2925778586643,1867.19467108741,1062.4632719441956,1776.5748140635237,2184.7457991951856,3925.0045278088232,-677.56396,227.40096,43.592537,67.045944,-23.112532,45.972065,7.524439,15.840307,-4.451842,11.616759,-2.7294798,7.136491,-9.786423,18.254356,-1.0757872,5.501213,-1.4037054,3.6819034,0.9096945,4.3532405,-5.5169563,8.968099,-4.719613,7.889281,-4.12418,6.7852235,5-188606-A-33.wav,buka
0.03858214907192575,0.031870224510328705,0.006673588,0.010138635,2261.4480718782947,799.2079870068924,3075.205760907172,1161.1855277176026,4684.895568989269,2394.2606180411826,-580.4459,86.075264,95.952126,35.94053,-17.140781,40.63147,10.446868,16.824371,16.288662,11.780652,10.520412,10.305676,8.165043,6.727044,3.1918807,6.7670765,8.978941,10.333402,7.5552077,12.612231,4.889134,8.36084,9.278942,8.8965225,12.031013,14.166449,5-181458-A-33.wav,buka
0.015144649071925755,0.016340591063967225,0.005503308,0.006303588,830.4585477470241,1049.3977641204094,1291.9078214030365,1412.8833120316988,1464.057968387471,2195.6062973043513,-607.67474,158.56987,110.57856,108.16097,-2.569968,24.162714,-1.5979307,16.73494,4.624515,11.785326,3.3081148,10.281882,3.7818499,7.2281337,7.1436305,7.467667,5.45022,6.1737223,2.548375,4.6686344,2.6822855,4.9919863,1.3204155,3.643483,-2.904062,5.259248,2-87780-A-33.wav,buka
0.09015529836136892,0.06596422756654118,0.008554837,0.006854173,3316.861366597244,1208.3934397752444,3459.5883755060872,942.4850760500163,6264.413473390371,2487.805594710772,-540.60034,115.34349,91.35544,41.146347,-29.302784,44.647194,41.75594,14.698969,12.545475,19.404398,18.903988,11.170143,1.2977029,16.027132,15.441496,13.570678,4.0336986,12.815406,0.5621003,12.783103,-1.5044292,12.943047,17.292732,17.305239,6.123908,13.085558,4-108352-A-33.wav,buka
0.0758693898636891,0.05024582996704006,0.026356062,0.031753603,3664.9569879625933,1071.4138003214978,3744.394264413917,964.1645163684366,7254.441206859049,2086.540672729357,-456.6439,156.83844,57.247284,27.427221,-29.309252,56.469597,27.988897,17.977571,-0.027002463,22.232811,21.87915,15.08074,10.614344,17.90785,7.0867,13.729978,-1.315041,15.2459135,6.5637813,11.461554,-1.6445932,15.006197,5.153121,13.205904,5.6504087,14.418808,1-51805-D-33.wav,buka
0.05629282373839907,0.041126313523132035,0.017806454,0.016475188,2608.322654856975,997.1212521601332,3074.7597842396194,1104.125988130258,5212.883714290893,2266.1812611585456,-460.4042,153.28838,132.05666,59.62142,-40.321945,60.28332,26.349442,16.660727,-0.78247947,19.245012,9.1236725,15.191682,6.570627,13.88942,-4.0769243,15.9760685,-0.47066376,12.432656,1.6257023,9.373798,1.8385226,15.196932,10.567915,12.908433,5.9875336,15.826544,1-51805-E-33.wav,buka
0.09002614740429234,0.06993864271876325,0.045580138,0.08477782,3906.516673299996,1949.508979042228,3970.324582230737,1383.7250874899603,8445.512117531902,3567.8542625378163,-329.64954,184.45898,81.67763,45.777454,-4.866818,18.151833,31.673817,19.664791,5.168033,14.206347,17.697239,11.697136,-12.346468,10.578794,7.046588,10.3606,-9.401604,7.6475472,1.0101666,7.2159348,0.016625779,7.2900376,6.4552794,5.730294,1.2692019,5.037458,5-250753-A-34.wav,buka
0.009600221142691415,0.007027172841842077,0.048123192,0.014898604,527.3676593191867,413.1117929948084,1061.855501260859,325.5673073208646,909.0908678944315,887.0896640183881,-455.0976,107.31006,184.82434,59.493385,49.78443,61.176216,30.462769,35.88591,40.06381,13.093308,23.598516,14.5785,11.142851,10.213293,2.8451896,6.3149605,2.0157113,5.7277784,7.530771,4.976069,3.1811333,6.5994973,-3.6445918,6.436479,-4.414969,5.965838,4-160036-A-33.wav,buka
0.03587111187645012,0.08222963632552464,0.0018417527,0.009628136,1801.124020637377,2901.1245144548147,1606.5047245474598,2343.7900264568225,3506.464798433875,5475.2629410058635,-710.65967,102.19152,8.066263,17.998652,-8.467111,29.017857,8.617541,17.205557,5.0496078,12.27698,3.6266408,7.330391,2.66843,8.300934,6.272504,11.559032,4.22955,9.565256,2.6707704,5.8716903,4.432729,8.800379,3.8621345,7.357045,1.7823128,4.4321594,1-43764-A-34.wav,buka
0.038192430394431556,0.07704323342953205,0.0019306627,0.011419843,1612.0422272063329,2923.607294908857,1292.0785480724073,2340.535961785338,3083.5446952943735,5646.953438801545,-736.47534,99.636246,5.1753836,15.167714,-4.964751,24.896553,3.4215772,11.29963,1.3020463,8.200146,2.6839256,8.483307,1.1571635,6.342924,2.6339934,7.2321486,1.1945786,7.5059705,2.2799368,5.402229,1.9354532,5.054617,0.91707534,2.9660494,-0.020162001,3.234985,3-148932-A-34.wav,buka
0.03865578777552204,0.0838547352820659,0.021822086,0.052152194,1110.88394888402,2226.4792817768266,817.9980265535067,1584.7879653516814,2047.5028549158933,4001.1212212511355,-525.5539,157.64517,11.809149,29.51708,-4.369643,13.454735,12.5416975,25.171043,-5.759263,14.254463,7.2702336,14.825917,-3.5875843,9.056621,2.14411,6.1378546,-0.64440566,4.766967,4.972901,12.134587,1.1730969,5.7465487,1.7009853,6.6768627,-1.2385288,6.8420935,5-173568-A-33.wav,buka
0.008150105133410673,0.021800852749202248,0.00947895,0.02722786,390.7505378032737,1073.0528430202382,415.5092078478757,1103.6435358608023,829.4529890516242,2269.713754268444,-631.44635,170.6844,20.184895,53.7759,-7.028155,19.920647,8.021069,21.301262,-2.7295485,8.755837,3.3361082,9.431803,-1.0160358,4.614977,2.0528386,5.548362,-0.20129931,2.015228,0.9339924,2.7669365,-0.04394331,1.5083121,1.1665201,3.6385362,-0.1280798,1.770435,2-70344-A-33.wav,buka
0.02765869707076566,0.04749493367055203,0.043387923,0.12347789,1667.5495200075989,1310.9710456040739,2108.6228028628034,881.9754612291309,3591.848195511891,2412.3154492381054,-389.39392,87.24564,54.984234,21.62557,15.454618,39.646526,24.582212,15.434717,12.395753,11.50374,4.3841143,8.219382,10.790583,14.411926,5.0546284,8.057133,0.29580966,9.377447,3.533567,5.800868,6.0394583,6.242805,9.4574585,6.8727283,7.1059117,5.3562965,2-130245-A-34.wav,buka
0.025526573375870068,0.06376624101545855,0.0043799104,0.023028959,869.8302742434804,1941.944196998121,735.1210174079152,1622.7412423267099,1644.7670071418213,3659.907360368568,-658.51245,115.044464,5.047293,15.134266,-8.814965,27.532955,0.88427925,5.8089566,-0.38547468,10.861675,2.6405656,9.305405,-0.2202174,7.8458047,1.7779427,5.848052,0.03281592,4.122997,0.20199403,4.5024633,1.2312003,5.2156134,3.6738176,8.507936,1.7223488,4.690999,4-187384-A-34.wav,buka
0.07572777697215777,0.08740372496635006,0.01974142,0.0618301,3720.1157324969977,1636.3716755877576,3958.4898978632104,443.60748671495264,8060.762239885441,2575.688114371346,-444.63196,91.394394,49.375896,18.711563,13.059394,22.298584,13.220624,9.577058,3.874094,11.446396,11.892101,10.189547,16.715672,8.485463,16.02197,10.161902,0.4744728,8.270518,-1.2828882,10.509178,-2.4994938,4.7026625,3.4360864,4.143342,9.846245,4.2046437,3-171937-A-34.wav,buka
0.1627766549448956,0.08667631800651736,0.028476018,0.06658667,6509.499205482059,1151.7949053848517,5372.608867556006,1166.3983420002953,13348.787340487239,2674.435524498939,-441.66644,153.82219,40.18685,27.451149,-2.1761987,47.665176,30.687485,17.216282,1.6818601,28.017757,19.119417,10.86215,5.9093704,13.895561,14.972186,7.668025,-5.651814,10.852487,11.738316,6.0634193,1.9593749,7.1345215,11.113215,5.304452,-2.6922424,6.668101,1-68734-A-34.wav,buka
0.05306631561774942,0.05595465790791066,0.015724577,0.019743085,2973.423397374283,1117.910387464971,3622.401421720065,883.2605244900606,6360.73833562935,2424.5377656206883,-476.41077,160.29851,100.40611,33.461517,-25.094208,52.418785,36.941376,14.207145,1.2886802,23.931526,20.617958,10.620794,8.50486,10.822837,9.188121,6.4559665,-3.1631799,11.248338,4.1469793,7.0144453,4.8986816,7.632821,6.742865,6.0113397,3.2669265,12.124052,1-51805-H-33.wav,buka
0.07536071635730858,0.06379268555957228,0.06594956,0.057269208,2719.9941134614137,2129.7459828094115,2348.78821511972,1751.7466277117364,5565.858378045244,4250.854488152286,-326.635,274.91638,79.26414,60.518654,-45.53159,40.296135,32.413383,26.206587,-33.6138,30.671482,19.420105,16.105152,-16.878271,17.664509,10.558338,9.283683,-5.6952457,6.094602,4.9046855,5.562406,1.5440584,4.555914,2.1671953,5.5393806,-0.2664418,4.0011625,2-70367-A-33.wav,buka
0.18053604444605567,0.04968722338622284,0.009175114,0.023513064,5707.605309341153,847.5731326874798,4643.715794403255,727.1886300181272,11020.403585411834,1565.5217205591885,-428.39655,89.34749,66.24815,27.297403,-20.112593,31.74153,35.774235,12.617969,-14.18251,17.526821,22.260258,9.13843,-6.365264,10.194655,12.276467,7.7077236,-2.7374785,6.5070868,1.6054747,6.926247,-6.588456,8.892635,1.4599204,6.2939906,-7.703442,6.951358,5-244933-A-34.wav,buka
0.10523537195475638,0.026423306563490512,0.075170696,0.039530575,3721.597403174281,520.8195392816898,3284.223542801237,277.492681615467,7219.968097447796,1152.8879090634782,-187.01024,55.13081,98.181694,20.862192,-79.12591,12.392794,46.155815,15.737783,-31.838625,11.667196,21.177296,9.81663,-11.537659,9.162723,20.654316,8.156523,-11.2193775,8.273197,10.084903,6.7994456,4.626534,12.142031,-0.4465683,9.221892,-2.1512,9.22524,5-187444-A-33.wav,buka
0.02814811122389791,0.04474205087368864,0.029880758,0.052552644,1170.72225174959,1823.5381357709132,1203.0980963681336,1771.9546408182298,2564.44961300029,3930.9403798864873,-513.7009,240.31685,42.27266,63.479103,-17.21715,35.640293,11.246194,17.045683,-13.020196,24.477854,8.754197,13.5018,-6.583521,13.951531,5.0188565,7.8675785,-0.32360983,4.031767,3.8412719,6.0866966,1.7170045,4.113156,1.4502789,3.4938653,0.7356203,3.0372236,2-70366-A-33.wav,buka
0.028151509933294662,0.015648127555857164,0.02996034,0.014472059,2058.39484836087,1101.4502275216716,3151.221275909296,1278.8304825562714,4494.394168720998,3700.3081074118463,-352.4776,86.75711,169.4566,43.25182,-6.566356,39.96664,30.000204,16.217344,13.967896,9.159391,18.03419,6.8080645,-2.1064968,7.600987,10.977323,6.613381,0.693691,5.120917,17.25596,4.2429805,-2.7016602,3.8546188,0.20795655,7.69894,-15.885933,9.218388,5-161270-B-33.wav,buka
0.08156109520011601,0.01786532067657785,0.050595514,0.014067235,2905.702124285376,769.7570748120572,2531.794401077494,549.699516961777,5251.303744924594,1724.5489592334404,-224.58556,52.898327,150.49356,38.922775,-111.53492,24.531672,4.201769,11.57648,-54.809032,15.245393,8.176946,10.280797,-23.380169,9.085095,3.5368702,5.5218644,-18.779432,7.031426,-0.36639148,5.843927,-11.852239,5.0075464,-2.1481073,4.7297835,-4.116433,4.866248,3-103401-C-33.wav,buka
0.073237655887471,0.043433392734454936,0.03488348,0.04330286,2997.9880222469437,981.5710545673675,2842.293420707891,1018.3644840077003,5514.798207294083,1964.4345895971708,-416.2587,107.35118,67.76101,50.834087,-50.34878,54.187122,8.847134,24.410797,2.6517925,25.026636,14.219817,18.4744,8.884783,18.465631,3.6144621,12.676942,-6.8268538,14.165813,-3.0735984,14.742278,6.6959376,12.014372,12.172048,17.078287,10.40032,15.587261,1-51805-B-33.wav,buka
0.09515593278712298,0.03528298324310385,0.0058916504,0.010216977,4687.869112578708,1097.9885901432033,4040.503063782827,516.8469193844802,8769.559345997679,1719.1962255265612,-467.88785,132.99245,81.672455,27.829193,-49.10964,26.56807,30.112305,10.063485,-26.793074,16.29026,-4.7614894,10.2704115,-21.95193,12.383343,-6.3445487,6.168641,-12.048583,10.248405,0.73505944,6.1104684,-3.7996116,8.204899,6.1465354,6.4878306,-0.99975646,7.968664,4-128659-A-33.wav,buka
0.03403580880220418,0.014584621362733996,0.01141565,0.014583032,2124.8861652823953,592.7342277590752,2869.311599960385,376.47425151734905,4050.9400830191416,1083.0657071382248,-430.5316,118.90886,157.3906,17.240517,-25.200598,26.47818,20.10115,9.568936,1.4846342,14.773683,9.055394,6.7787356,-0.43677318,17.088266,9.498413,7.837557,1.9647704,10.721625,4.6869583,6.4076223,0.9349294,9.241,3.943344,6.7041245,4.252459,6.599579,2-91912-A-33.wav,buka
0.10006706786542924,0.056131919745250385,0.052233182,0.0485995,3495.086949576169,1162.1621634829007,2941.0802396738836,665.240209820542,6081.656032482599,1818.4484926244738,-332.48193,129.78223,71.79053,46.32107,-73.77014,58.797226,27.35266,23.063324,-15.040386,29.302217,13.419874,13.429174,0.53390735,14.172897,2.795555,11.719781,-10.484982,12.8928995,3.9360318,11.588478,3.1978893,12.064067,5.468716,11.52989,-2.0889006,11.105818,1-51805-A-33.wav,buka
0.09914715052204176,0.11491366220581768,0.009942033,0.027799575,3091.807433996882,3163.821087575643,2147.226458957763,2158.2001057656703,5429.115044047274,5514.577868249625,-593.4504,179.33195,14.9855385,30.336742,-23.79884,39.26794,20.381363,24.66361,-3.4692605,14.899857,7.2800455,12.642932,3.334611,11.58019,10.242083,13.100083,0.28110024,9.264516,0.3155779,8.4349575,-1.0082704,6.9735646,-0.41749963,6.613656,-0.5596261,8.173026,4-215635-A-34.wav,buka
0.03715015951276102,0.02261474422328494,0.020377485,0.022278344,2420.2744252963034,463.43868711336887,3464.046176579855,1054.670473031497,5225.723698520882,1846.7738074174988,-404.23038,112.56213,141.44376,28.53343,-17.819012,49.986217,15.870226,9.87985,0.6894594,14.426836,8.352841,7.1843777,2.3502934,9.295884,12.115758,5.686304,0.6283347,7.0321236,4.7901716,10.551002,2.7908766,8.360441,1.8051195,7.859304,6.905218,8.383829,5-191497-A-33.wav,buka
0.04789121410962877,0.0985953415033352,0.00200431,0.009891499,1550.9829357796846,2878.2248627974022,1044.1131353543342,1907.1942538881542,2648.8837505437937,4953.443623161225,-729.8182,119.791016,2.6669836,15.679151,-13.521396,33.492916,3.4024181,10.648482,1.0286046,8.689243,2.2438507,7.6139874,-0.18665673,6.393152,3.5925984,8.881071,-1.0555351,7.6413484,-0.6132666,6.297558,0.6842384,6.1476326,1.8748775,5.621137,-0.6006937,3.884872,4-216349-A-34.wav,buka
0.05186657120069606,0.10195609822285352,0.036919527,0.09531073,2449.285816539277,2812.940031344205,2235.0618726222756,2318.717423709202,5042.566569388051,5308.073896780028,-388.37158,133.31378,26.416277,45.51033,-1.1713502,24.67384,20.356684,26.226208,2.5666125,13.58501,11.513131,14.242315,2.1393766,9.249383,8.799974,11.300482,7.094654,9.404973,4.398822,7.269724,4.3280535,6.9234443,5.4471927,7.805249,3.3793428,6.1072392,3-155659-A-34.wav,buka
0.09155556663283063,0.013077571115271946,0.14063884,0.020842819,2907.3586499422763,250.3527537663741,2175.2143888137775,266.89171370408405,5095.525259208237,478.6463466802844,-121.93147,29.59972,165.87576,15.645842,-122.18112,19.71147,50.079395,9.43619,-17.344475,7.662374,4.647995,9.299177,-12.740064,6.5892787,-10.537405,5.230455,-8.396217,5.1693163,6.5696964,6.44457,-15.320688,4.7294292,-13.53872,5.251771,-12.90719,4.6273313,4-107117-A-33.wav,buka
0.07619226725638051,0.05127468973643601,0.00646896,0.02794219,3989.292648573067,928.6157712574636,4268.667769276159,479.5016297007747,8425.977355532192,1217.6331979050333,-527.2106,86.875465,72.041214,18.893547,11.688148,32.769787,62.087994,9.815374,13.703873,12.506696,8.758861,9.82834,8.110122,9.675062,11.347747,5.391048,14.690183,6.0005927,0.6091621,5.434483,3.7908518,4.779404,8.552846,4.261999,-4.3806214,4.6317215,2-83688-A-34.wav,buka
0.04030189602668213,0.07190040147343016,0.0051873266,0.020669987,3857.6946621487814,1698.5170963459007,4660.430646255836,503.66410205401394,8838.35568173579,2776.9375662947273,-642.5283,115.798096,27.068575,21.907646,4.178269,25.482666,21.770338,10.23065,18.761848,16.345314,24.109842,8.446287,16.543388,10.802727,12.430757,5.606463,7.101976,10.325056,11.547804,5.8933725,12.291256,7.7595463,13.546555,7.100446,6.7786283,7.0751414,2-81112-A-34.wav,buka
0.06850551950406032,0.013754899178480162,0.04594593,0.021122223,2462.5100031595935,672.6245332621256,2340.2910398807926,659.6511963939919,4264.673361368909,1641.316253126109,-261.62872,75.28296,170.82141,31.018154,-94.47377,37.092766,2.51104,13.9980345,-38.587208,15.035696,9.246545,9.403084,-17.064583,8.604578,-0.9123377,6.9974217,-16.223106,5.6949825,-7.8524995,5.8915267,-7.736361,4.8540645,-3.0943723,5.038039,-6.4744067,5.058256,3-103401-B-33.wav,buka
0.09246302204176333,0.03271410659159605,0.035410065,0.06841325,4675.969373979401,735.4985700508786,5325.078830179753,538.1421235541364,11562.081052421694,1855.9406650299702,-282.1485,86.284744,98.25248,21.248331,16.070427,26.265024,26.347652,9.156225,-0.9695198,9.761742,13.434584,7.700265,-5.757726,7.6292014,8.561709,6.8280206,-7.51889,6.1080503,7.047531,6.997747,-7.25186,7.0372066,6.2321634,5.7943325,-7.1024013,6.9530497,2-83667-A-34.wav,buka
0.18021883156902552,0.08952350554076047,0.027137166,0.082004786,6610.986819887961,1252.011299482715,5206.789721045373,545.9128094372888,12821.398727523201,1371.5430366900055,-403.7641,118.13275,43.036655,33.804882,-1.6495398,32.08397,26.67628,11.587275,1.5076169,12.625862,25.50057,8.772832,1.9548663,10.753977,20.248228,8.954573,-0.010456838,10.322486,7.7740397,10.778765,1.4412899,7.5996575,2.9018974,7.192469,-4.971065,7.126604,4-175025-A-34.wav,buka
0.126473906975058,0.07044859144610137,0.006135646,0.022353873,6252.286228849135,1178.7108763449714,5275.953865681677,842.8196330505322,12433.501305104408,2020.3530525187075,-588.1208,126.727425,28.563076,23.604856,3.3270104,28.68771,38.49959,17.124514,4.6520224,13.03708,16.855072,7.9944205,13.586106,9.1352215,20.999456,7.811922,17.460236,8.980596,10.225349,6.5880957,7.0735493,6.5679708,8.53132,4.789031,6.823873,5.153771,2-85471-A-34.wav,buka
0.11110154437354988,0.09842889560840372,0.021935511,0.063374415,3806.480272331396,2231.7887923019857,3479.924384253238,1554.1262510805782,7913.027479698376,4016.3717611479574,-446.29373,153.28342,65.539825,42.264805,-13.494838,38.35544,14.018634,14.322217,-2.2101977,17.211515,16.24805,13.267783,-0.40015265,13.520303,12.012739,11.258117,-1.3310018,13.317701,2.46489,10.523453,3.8465703,6.8951488,6.266331,7.755973,1.1813141,8.243399,3-170002-A-34.wav,buka
0.03736994272041763,0.024214230553126836,0.031860635,0.04446261,2330.0236262978638,697.9407870816256,3018.7294608358707,384.95450019064094,4539.109288899362,1251.3663326707356,-374.31293,167.12173,137.98624,17.52534,-20.60182,32.461197,19.484488,9.725262,5.864822,14.76789,12.548293,8.883509,-1.5301129,19.061943,10.991577,8.274123,0.34134293,11.959617,4.22958,6.39187,0.94416994,10.5993595,7.279774,7.543329,4.298166,6.674891,2-91912-B-33.wav,buka
0.14557805249419953,0.05384716155699959,0.08598389,0.067310564,3911.129985408406,1257.791935459575,2508.802390557531,807.079003293537,6270.758523963167,1963.4828929708863,-254.52394,144.4911,71.401024,36.06298,-96.92095,43.943687,48.09155,21.656647,-37.474262,15.694594,12.21367,11.009344,-12.843791,12.4170475,0.49702272,9.223,-10.934029,11.253902,9.660983,12.728688,-5.878001,9.19747,-14.639867,9.727729,-4.5393486,11.80939,4-107122-A-33.wav,buka
0.06592816487819025,0.02729392577419003,0.034902792,0.022577213,3608.225942438025,563.7451228123876,4309.139865166343,273.3482204870678,8835.807669301044,1081.5660877641826,-244.24876,17.983698,122.67872,11.430511,-8.087644,7.2692275,32.65023,7.7360086,-26.550146,5.5099645,31.5789,4.993062,-9.351104,4.3284984,13.915157,4.4395075,-9.519232,3.93497,12.464073,4.432527,-6.6852336,4.2407355,6.5448184,3.978879,-4.1271043,4.2070436,2-7321-A-33.wav,buka
0.023849876740139213,0.06745439605750617,0.016505469,0.049526464,930.6272497878159,2198.673957849502,807.4425017115767,1668.0076971789395,1718.3596015806265,3980.618091021255,-509.17786,98.086525,4.3782506,17.73284,-6.492071,19.508324,6.107464,14.475303,1.2037195,7.5295644,0.2231676,7.067855,2.1633918,7.166593,4.661876,12.533383,1.2899443,9.208828,1.8657478,6.657468,1.5420855,5.7706666,1.1804768,6.2063246,0.20008256,4.905851,5-252248-A-34.wav,buka
0.13814507504350348,0.12331655056426158,0.013615849,0.020897241,5393.284398012788,4252.717833899261,4039.140978112832,2484.1088486581743,9675.652552204176,7622.467698851919,-601.8964,141.28592,111.7111,123.700745,18.070808,27.585169,-13.102306,24.224024,-4.188247,13.790074,0.9901452,7.252171,-1.4370887,7.4805207,-4.7727256,9.774226,-4.5504503,7.730039,-3.9987283,8.410552,-5.725067,9.038256,-3.1035478,8.959252,0.8132558,4.128234,3-101381-A-33.wav,buka
0.1622929053074246,0.031344888006452014,0.01323846,0.02917651,5684.704612141356,1263.8792794302938,4655.236471310053,956.1099681863902,11004.066329212586,2706.8894641429715,-536.0099,182.41386,54.307003,27.03219,-24.425753,49.89741,13.005245,13.6234045,-6.108372,22.176899,15.175437,11.051584,0.5221042,12.107123,5.720041,6.2809677,7.3373995,6.873916,8.4120245,6.536703,2.2108927,7.317202,-1.3451053,8.565648,-5.9483895,8.869122,2-123712-A-33.wav,buka
0.05669273854408353,0.12148040078203888,0.008265205,0.036069453,1503.6730199822925,3126.8481455234096,850.1684861945939,1731.668125068605,2460.78047962587,5055.997833164509,-639.64233,127.05308,-3.1803877,22.191072,-10.7175,30.191116,2.2738461,9.594104,-4.95051,17.51613,-0.12475837,9.339114,-3.2937353,12.985066,1.8772733,9.147969,-3.4131658,10.3368635,1.0258003,7.039906,1.3858861,6.95545,1.9958686,6.7084203,-1.1366799,5.8506193,3-147343-A-34.wav,buka
0.2966801406612529,0.0526829883292697,0.0085797245,0.036947962,7317.0556572964915,1029.1272061257716,4760.352443293155,603.5999365527323,12897.639256453016,1984.1922746364135,-519.12177,99.43096,6.2926545,14.683929,-41.671368,30.924328,10.286581,11.921977,-11.802728,12.474425,18.922928,7.71772,6.6090565,10.347388,20.054117,7.2466516,3.192508,6.257262,-5.5384464,10.597184,-7.6650515,8.020981,5.4863553,6.06947,2.9521348,7.58017,2-87282-A-34.wav,buka
0.05170116734338747,0.09382080389957388,0.020999745,0.06844741,2633.515315194818,2262.3940954154923,3532.3839901593155,982.5109416418757,4766.531888957366,4496.966416149487,-557.77277,173.12164,55.739532,28.128492,14.366972,45.763546,33.579617,21.562462,20.897015,26.987263,31.329054,10.058037,23.748068,13.227564,28.50915,11.768852,17.09429,11.894993,8.860602,8.188237,1.3576518,11.454587,7.0276585,5.257547,6.3791075,7.7571683,3-166546-A-34.wav,buka
0.14545796476218098,0.08585759159492914,0.0144184185,0.049334265,5922.564342814441,1322.0345871274872,4545.525834931869,481.05493264917425,11203.810519685325,1548.1321235247046,-510.86447,129.60094,30.666035,32.434174,-15.928082,33.298042,27.211475,15.84592,-2.3663497,16.538496,10.939705,9.990395,3.757578,8.968792,17.757713,7.3686676,12.412342,11.270795,4.006188,6.9646072,0.22600618,5.1675014,3.745664,8.304,4.6867485,5.0658298,1-101404-A-34.wav,buka
0.04802829538863109,0.03444329719185093,0.020450458,0.020434594,2488.3662666726655,1018.7640317295043,3015.4024770958035,1220.0567721714071,5071.693848789153,2449.5457938963796,-441.69452,139.5893,126.2041,59.664806,-29.824144,58.039696,15.313979,26.584446,3.7178566,19.268076,2.4384477,15.660252,3.2455788,12.145754,-6.1915097,12.894574,-6.8261566,11.302389,4.687568,9.14043,1.0343542,11.119303,5.428118,9.609223,7.0625057,10.258836,1-51805-F-33.wav,buka
0.06949227813225058,0.08114220756838204,0.018137628,0.048812333,5519.563868904129,2361.9595339952525,5477.447064911965,919.3552152220182,11698.97426950406,3963.088163034132,-539.601,123.82867,24.260931,22.31245,19.046722,27.840593,27.044174,13.408368,8.711696,14.867811,18.59673,8.973237,10.292366,9.531053,18.294497,11.020596,11.313942,8.554656,9.157867,7.2116327,8.810525,6.7691503,10.629798,6.1008887,6.511976,4.578501,4-188003-A-34.wav,buka
0.031470916110788866,0.05706205380890733,0.011385338,0.040511645,1855.1571097161611,1950.748503002778,2657.7268677908633,1846.3633964295445,3326.5551361296402,4047.563624253619,-567.107,145.31734,34.09858,30.19086,0.5650145,41.14774,16.010195,19.018091,11.330096,22.794876,18.288927,14.301558,15.023092,14.458858,18.80697,15.280183,12.214567,10.996845,7.086727,7.5988708,1.7509191,8.279662,4.7645364,5.476936,4.383292,4.987731,3-166546-B-34.wav,buka
0.035260477088167055,0.07722462118401126,0.013176286,0.051699847,2151.116500851955,2530.8380126897932,2390.327460972017,2431.941977979702,4881.442253661543,5305.479104217019,-584.8133,149.05965,26.869232,37.099796,-1.5092324,30.334639,7.5934,15.545203,2.1235437,11.907069,6.786033,9.718109,2.9856515,9.786944,6.368479,8.205084,2.8957016,8.477495,6.209929,8.229481,4.8264985,6.3138223,4.5023966,6.224437,2.8949866,4.9929457,1-69165-A-34.wav,buka
0.06824608468677494,0.10176304589446411,0.022814991,0.079514995,3555.4411455199734,2497.0017783240896,3693.654266365215,1879.0886839334864,7688.0030089907195,4622.628317761671,-410.80548,106.636826,20.12249,23.62264,0.3967758,24.874298,10.279606,14.101935,6.0447145,11.550288,13.29889,10.78749,11.54439,13.4826145,13.695276,11.5979185,4.5749903,8.435175,4.4147296,8.291084,3.2092903,7.399797,6.6599083,6.4494624,5.6553526,5.597473,1-58846-A-34.wav,buka
0.0022873314240139213,0.005794968845370029,0.005391735,0.0153185185,256.14656082031,675.1433743769884,560.0524392989346,1138.3880186363504,387.64761727813226,1333.674680298591,-655.0886,89.96669,39.78493,78.09532,10.508611,22.782188,-0.6999016,15.436941,0.23298135,8.43221,3.9917378,8.514954,5.4805465,10.361608,3.756824,8.367122,2.1610646,6.573774,2.2569275,5.277269,2.6702862,5.7839713,2.9630263,5.5865583,2.1999254,4.4824224,2-114254-A-30.wav,tutup
0.0465883755075406,0.08088315948235161,0.002291619,0.006260348,1223.1459021315106,2007.7815185274364,904.2835454696245,1472.6032293516914,2055.5465804451856,3387.9050444239647,-766.39136,231.36754,28.024788,46.71663,-20.605421,34.76497,18.187382,30.16913,-5.3065834,13.303509,3.721435,8.001378,0.64193624,8.136659,1.5915632,4.666013,-0.07243441,5.2602925,0.16274232,3.06501,1.2974509,4.0126715,-0.16264032,2.9713664,0.18102567,3.0015612,4-204115-A-39.wav,tutup
0.08454516205046404,0.10941497936030499,0.09449933,0.1446209,3255.3730158703556,2923.028933690197,3099.3483231220744,2374.0380665076523,6875.98641875725,5691.25815827827,-333.07132,253.21242,48.288563,42.19293,-3.987196,20.866755,25.505182,20.318733,-4.250144,14.544465,16.091492,13.348021,-3.481692,11.745937,11.386615,11.425007,-2.8402512,10.014421,11.356715,10.651303,-4.3294163,11.116812,7.6375356,9.524157,-3.934304,9.256725,1-20133-A-39.wav,tutup
0.0010456695910672853,0.0018698318234166515,0.046552088,0.057040464,127.02708658350046,378.00207239851574,526.6468097045071,704.1797686563086,156.12821291328305,840.1419751306273,-533.77673,63.3394,63.375626,75.1117,41.973026,47.25599,22.305656,25.79174,10.50291,13.200637,5.374351,6.810755,3.584343,4.852994,2.9135246,4.1461825,2.5766826,3.9268498,2.5016868,3.8124328,2.7052448,3.8832884,3.0823815,4.1153455,3.519043,4.5167513,2-134915-A-30.wav,tutup
0.0431590777262181,0.09533096092058886,0.0036910498,0.027001414,1483.893168932307,2955.6886451012965,987.51972974266,1968.777539705085,2603.2693318590486,5202.8870275268855,-567.11646,59.942646,-1.2507608,7.8102465,-4.5051193,15.010233,0.9949247,3.7428763,0.29102984,5.4636884,0.6692822,3.6288195,-2.2257726,7.4539104,0.2871762,1.9887702,0.35994467,3.2451274,0.23694038,3.3011904,-0.88653946,4.491947,0.04966301,2.3759346,-0.2791194,2.6328702,3-216281-A-39.wav,tutup
0.005187563442575406,0.008438915965807058,0.006367174,0.011703235,708.8596708389615,1240.1351966806144,1274.3034374746333,1818.6303630587176,1487.0400413283062,2958.0689881362823,-657.15735,135.8086,61.82267,85.4091,4.9557977,18.187984,7.5632386,13.622112,5.172002,12.9866085,6.5572696,10.228745,7.94012,10.922242,5.7641478,9.38034,4.497875,8.316549,4.221735,6.519424,-0.50782055,4.9086523,0.8795362,4.120288,2.1037495,4.2485566,1-52290-A-30.wav,tutup
0.0029070294373549884,0.008023730268685797,0.009260468,0.026136817,347.7864173173228,1064.5956305260281,675.1798540163252,1366.1607740325053,597.8336626305104,2328.5271200733196,-642.4821,105.50157,36.555016,72.01838,11.361752,26.834929,2.7105563,13.077734,1.6775681,11.3071785,5.647139,10.088299,3.5933669,10.100809,3.3040557,6.1304164,1.1396794,4.9981184,1.2763884,3.9727626,1.9229513,4.4945407,2.7903545,5.2943654,1.6373537,3.8337255,1-103999-A-30.wav,tutup
0.05697936303654293,0.13213521203489675,0.018401247,0.064794295,1316.2259984364603,2995.471541141388,740.3234475561825,1679.702545510964,2123.043929451856,4802.54265156819,-557.8966,177.58678,1.602215,12.949719,-6.990513,17.763887,3.6025174,9.368143,-5.400873,13.261174,5.738092,13.762981,-3.501645,9.045037,4.0415382,9.84449,-2.2086256,5.764011,1.8988389,5.889272,-2.0050683,5.468483,1.7400624,5.308138,-1.8809571,5.225796,3-203374-A-39.wav,tutup
0.0024051533497679812,0.005473753935277457,0.013807432,0.02629529,574.209999674257,1107.8268240849518,1436.838875703213,1589.659031026801,798.3272685252321,2492.8827390438973,-596.3001,96.68685,41.469643,59.081116,18.08375,21.609272,9.877582,12.616075,4.312807,12.25603,6.2911115,8.253796,4.432566,9.011922,5.216166,7.6367626,5.9322596,7.210312,6.2859244,7.399415,6.7660117,7.5515747,6.230135,6.791916,4.861876,6.492184,3-151089-A-30.wav,tutup
0.06529487202726218,0.1328582583714031,0.021917783,0.07820527,1871.210502250478,3090.3336610873594,1382.073380824582,2166.934521234075,3486.6802312935033,5496.061860509974,-549.2135,189.00734,6.68672,15.999006,-7.1433263,21.628569,4.9416533,11.211344,-4.3806863,13.889552,7.358202,12.96396,-3.4856586,10.857338,5.675097,9.851886,-0.83670604,7.443045,3.435621,6.030102,-0.70081633,6.2811017,2.5158675,4.950493,-1.2516941,5.8888893,3-203375-A-39.wav,tutup
0.0016438424448955917,0.00621222740099546,0.002936463,0.0069972277,237.08374041008253,690.7777345413477,620.1191836521743,1177.6543474429745,308.2095825478538,1368.7286757361144,-746.3437,87.330894,36.44245,67.53883,13.208928,24.155106,9.270704,16.602997,4.072092,10.469399,3.4834733,7.418597,2.6724398,6.4789715,2.227967,5.5261817,2.2685215,5.6276956,2.15682,5.369674,2.3473208,4.746457,1.5842849,4.5426297,2.13299,4.3985534,3-152594-A-30.wav,tutup
0.009316995359628771,0.012758687475253152,0.004409465,0.014396927,704.4497682387612,1092.5877729511228,1157.8938052193362,1704.8766769521205,1431.1836118764502,2405.6469067599237,-617.7348,115.84679,48.258865,73.898834,9.639644,19.512693,4.517155,12.316414,1.5470644,9.451431,1.9984981,5.339536,-1.320723,6.4186544,-1.6598325,5.6297784,-1.2578162,4.864752,-0.23636615,3.0244458,0.385651,2.7662477,0.53871375,2.6117337,-0.3122031,2.4195075,5-218980-A-30.wav,tutup
0.00568264211136891,0.014114111616187931,0.04334314,0.08643242,534.4257845377122,1179.4235047941293,1027.0501671859397,1556.4033840363575,967.6451928654292,2573.4083203745176,-494.49564,151.65947,48.686493,75.21416,14.754925,26.427713,11.230109,17.199633,3.6141427,14.520211,8.96534,13.3232975,1.6545378,10.413019,3.9307299,7.0560493,2.304527,7.4962363,5.919159,9.02915,3.1260314,6.2694473,4.2213974,6.2867556,1.8808625,5.5434685,4-211502-A-30.wav,tutup
0.048557361151392114,0.12000230515886343,0.014400469,0.058000512,1224.8431561986865,2865.455723470444,726.7503346675437,1693.1249923012128,2043.8057388341067,4743.900155150772,-612.2662,163.3003,0.3159553,8.475394,-5.874096,17.365047,3.9443612,10.585721,-3.8159947,12.38486,5.212908,12.601227,-2.4359827,7.7901525,3.8142214,9.477039,-1.0448672,5.7670403,3.0448265,7.906331,-1.5500792,5.578225,1.567704,4.3878016,-0.42342502,2.6109457,3-203373-A-39.wav,tutup
0.2099496084686775,0.1590191822271454,0.02361938,0.050466478,6376.343992870286,2483.384695300244,4828.2277117338635,1395.600720237016,12107.055947288283,3493.2878144699457,-391.3127,184.84271,5.5965652,20.741314,-9.201832,17.849142,16.591835,15.027654,-8.837783,12.835518,6.446661,8.256584,-11.355981,12.954159,3.3631775,6.3572516,-9.2151985,10.751771,2.7797885,5.980419,-6.009187,7.549268,1.0667716,4.6344028,-5.3136563,6.3558373,2-173607-A-39.wav,tutup
0.1185651102088167,0.15543322509359106,0.053452305,0.11847225,3665.9717015962588,3577.870746766853,2955.749201491808,2664.5374380654234,7261.185945656903,6871.984401721193,-412.41452,198.41306,29.25944,30.03083,1.2438236,13.653138,12.375272,13.33265,-6.2425866,19.81584,12.230222,12.925528,-3.43907,12.966032,7.9675226,8.980247,-1.7552819,9.947278,7.9161067,8.812012,-2.0567443,8.440772,6.440476,8.919973,-4.017856,11.368058,1-84536-A-39.wav,tutup
0.048875706931554526,0.12840450008090243,0.002841223,0.016530795,1146.826344272586,2826.275883594925,640.8213336571828,1583.5724077980321,1845.260613036543,4528.515859036466,-729.4255,107.68444,-4.7947774,18.101498,-5.910743,19.226297,4.413076,12.573053,0.044027843,5.395821,2.338796,6.8229666,-2.5811102,8.220367,2.5753324,7.5410438,-0.889306,4.8295407,0.6311457,3.0386834,0.07940011,3.5411775,1.1606058,4.504834,-0.38371074,2.397391,3-216280-A-39.wav,tutup
0.29386600928074247,0.08510938295482005,0.08899527,0.109548286,7271.544574298992,1554.6355362957665,4667.7991390827465,438.5735475330146,12509.2422237529,2070.390011542212,-247.42937,221.28824,16.086529,19.786316,-26.1657,19.339588,20.870197,16.13837,-15.631366,14.992176,12.224945,7.7458143,-15.621979,14.84858,10.138686,7.9756336,-13.183938,11.610099,5.5146365,6.717574,-9.1086855,10.023932,2.771757,6.4776163,-9.672684,8.810788,2-173618-A-39.wav,tutup
0.05234125761310905,0.1409259115447011,0.020323388,0.079097986,1219.3634049054037,3149.229938250817,667.633162082872,1720.6238920570845,1989.398179198086,5108.941842821429,-589.97284,172.76854,0.7212793,6.537227,-1.2049127,7.06784,3.8454888,10.937743,-2.3976293,8.48368,3.39394,9.780723,-2.949222,9.106628,1.9226567,5.8667874,-2.145212,6.5208774,3.1064947,8.83324,-0.86745787,3.5282946,2.8757222,8.47758,-2.4484913,7.347614,1-85184-A-39.wav,tutup
0.0051547092517401395,0.011365977811127293,0.006278365,0.02574464,475.3117002411872,991.1416854754535,819.4539342627013,1480.5775569302002,993.7748105785963,2366.5160454067377,-562.2159,106.149284,28.90439,53.83054,8.88431,18.875124,9.541352,17.675953,2.3626957,9.7477865,5.4745574,10.20216,2.1701844,5.5560765,1.5960929,3.7897718,0.9816178,3.0989387,0.23861608,1.9725921,-0.09561836,2.4572754,0.19932242,2.821686,-0.6950596,2.4181252,5-218981-A-30.wav,tutup
0.017412721142691417,0.011731501037268784,0.14524765,0.1595728,1287.0857553102126,795.3005977644133,2489.993893746411,909.0293849486637,2262.4851589689674,2328.532676071876,-273.31207,131.36238,164.88037,44.275257,38.725277,27.597675,16.875141,17.344835,5.5386376,14.979921,15.528001,7.9158363,3.5775986,9.493363,8.646268,7.9187913,2.0860622,8.4878,5.0298815,6.5079656,2.2803683,5.9599857,-1.0181735,6.150204,1.0911255,5.36041,1-81001-A-30.wav,tutup
0.008245268996519721,0.012510954029800684,0.02172325,0.04744914,849.598331665693,1284.5471903286004,1490.7671981509086,1805.7932137365776,1947.730681735789,3163.716715432583,-526.32056,121.088394,62.131145,78.38446,15.890743,19.896091,11.204293,14.448931,4.207157,12.406055,9.751091,12.967252,2.3384237,5.4209876,5.418401,7.0098467,1.6373651,4.9429135,4.5116773,6.5531015,2.206773,4.5426474,3.6886432,5.3169527,2.3597589,4.6903434,5-235644-A-30.wav,tutup
0.03575442285382831,0.09839662554376559,0.0036601545,0.023310376,1076.8598652886637,2607.418248694727,680.2312647018288,1645.1248949513017,1845.5104181772042,4454.935945130057,-635.274,80.63437,-2.44273,10.775632,-6.3883457,20.977863,1.8356632,7.7890286,-0.47394612,4.188172,1.6861037,6.0937123,-2.7659922,8.487923,0.40934587,2.7224689,-0.03176463,2.1760294,0.9486091,4.0524225,-0.5205545,3.899238,0.06052113,3.0389962,-1.043658,4.4737673,3-216284-A-39.wav,tutup
0.05681509208236659,0.09570717959314283,0.0037492365,0.011512065,1590.450896196683,2374.6581297778025,1186.7334886332383,1757.9711425229907,2645.2365954901393,3895.255841819713,-718.8923,210.75586,24.380474,41.424564,-20.04559,37.345455,20.963503,32.368397,-6.219577,17.091898,4.049912,10.884104,-0.3904147,9.679028,1.479942,5.8923187,-0.15695417,5.304097,1.7907618,4.946113,1.9788156,4.2776,1.1314368,3.89703,1.440245,4.659818,4-204123-A-39.wav,tutup
0.05720481075986079,0.057019168678471774,0.028950157,0.05556093,3685.0612603477257,2747.3450092481776,4186.29110662435,2146.072719702511,8269.799181590777,6334.771773512166,-512.7075,99.271385,79.09506,84.27656,38.000618,29.633387,14.216298,9.459177,7.3163915,12.167437,10.057386,7.7024937,10.054375,7.154451,10.168425,4.5909553,8.000852,4.693385,7.326727,4.2702312,6.5112247,4.9984965,6.6838355,3.9827046,6.59722,3.983708,5-251426-B-30.wav,tutup
0.2589510676479118,0.08640485698694511,0.061187644,0.0719087,6508.6057595254715,1631.5455636729346,3906.598323595252,1048.809402359593,11029.196726363109,2679.641473826354,-333.3511,226.90804,-5.5762978,26.59687,-53.147278,37.11764,39.928448,20.674238,-17.342085,18.005339,24.86506,14.196308,-10.176822,14.186908,18.999756,12.882912,-4.51049,9.88628,11.716765,9.118863,-0.2282625,6.1089187,9.507294,8.523947,3.5699837,5.823854,2-112213-B-39.wav,tutup
0.004092046113689095,0.011529768408306797,0.00920703,0.036290072,313.0353900085788,921.6663954776058,528.9807511626161,1416.42414858879,725.1343623114849,2400.1747755956467,-602.0861,105.06092,23.663424,61.912777,4.3819103,15.254768,2.3141208,7.051532,0.3406861,5.6220512,2.4684741,6.5803623,0.42344087,3.9037614,0.6483376,3.4292426,-0.7164277,2.896129,-0.18334289,2.523426,-0.21664326,2.043398,0.5942621,2.6908436,-0.7597857,2.824315,1-82817-A-30.wav,tutup
0.0476544373549884,0.10591464267671385,0.012339761,0.043086365,1232.58131185863,2711.3022530540807,724.7243631904377,1608.9046962297434,2010.4817330698957,4470.138645096331,-616.4381,156.15138,-0.40475985,12.018782,-8.230266,21.948158,8.025106,19.898613,-2.5277772,9.001611,1.7687039,7.781257,-1.5422775,7.174994,1.811519,5.46448,-1.0789747,5.2448874,1.7232687,4.88216,-0.3515747,5.0271883,0.49079567,3.8798249,-0.38705498,3.0952601,5-260434-A-39.wav,tutup
0.007093106511020882,0.03567652096756933,0.023208143,0.047685657,512.7533529302414,1311.4748361733655,956.6556970268094,1727.7502040692716,980.4352160672854,2980.6114990807305,-545.0622,103.46645,37.63944,69.91233,19.845617,35.87447,9.573104,16.777668,-0.057313003,5.293268,1.9720399,4.845431,-0.24441786,3.0635524,3.2852602,5.817942,0.14176057,2.828623,2.6261523,5.3259497,-0.3022399,2.6169128,2.5309632,4.822692,0.3527108,2.2910545,4-182041-A-30.wav,tutup
0.05205463312064965,0.11998716653879345,0.005512772,0.022788642,1301.7616124470378,2922.9124517871132,731.5207085116352,1695.1950750493238,2060.8924104553366,4694.5672750928725,-682.096,133.366,1.0939796,17.43791,-2.7372816,15.294303,9.278294,23.176062,-2.366283,10.637554,4.1153193,11.019962,-0.6504274,7.151868,1.7120643,7.8137856,-0.6250793,6.517298,-0.049314257,4.4885263,1.3554575,5.7369814,-0.16769402,3.9382102,-0.76233816,4.503808,5-260432-A-39.wav,tutup
0.0025909494634570765,0.006644614498121449,0.0182855,0.041919757,338.6805519446664,990.5182890453102,699.7851069208962,1326.2183077272468,553.7680358178654,2171.109266756271,-579.4564,114.23955,38.904858,71.747284,11.928011,27.750847,5.536368,13.007737,3.245065,12.869932,5.922209,10.270544,2.6926982,9.391649,3.570572,6.7629867,2.8689497,5.693227,1.5854607,3.920744,0.86506724,3.8513436,2.2244656,4.2985077,1.9843956,4.447767,1-103995-A-30.wav,tutup
0.051943608613689095,0.099172849436129,0.0048845573,0.014909754,1240.5292243999197,2328.35249554551,683.7741437747101,1300.7402151488213,1937.8383981656032,3663.3583163639437,-698.39886,200.73083,10.667171,21.532068,-20.09762,39.40721,16.374538,31.047188,-8.334931,16.82984,4.6028514,9.46579,-2.2341983,7.0336623,2.958508,6.382656,-0.65583366,4.074911,1.8905172,4.255127,0.82393885,4.2054334,0.7571785,2.428724,0.63891387,2.95803,4-204119-A-39.wav,tutup
0.12155597447795824,0.08258188698812209,0.020979006,0.040925138,4156.239489243559,2308.1911529356207,3534.047445016324,1858.9804515415406,8257.308924557714,4443.980063671483,-377.47195,188.05283,54.352406,34.395058,-36.338238,32.66879,1.2341958,12.93129,-19.85884,17.745045,16.179644,11.878052,-16.011585,14.907316,0.24220744,6.7298293,-10.685313,11.166226,-0.21141498,5.542513,-5.38454,8.090646,1.2794297,5.5092683,-6.703082,6.9596477,2-106881-A-39.wav,tutup
0.005355233106148492,0.015042146498655288,0.048860885,0.1327154,749.532279835015,1575.644156390534,1265.1173607396743,1960.6432645523414,1610.9433910962878,3715.9859149846548,-430.96597,106.6734,34.35339,69.19389,10.729263,23.400421,7.491548,12.5609455,3.7215726,7.307193,5.052274,8.434467,3.525814,5.824564,2.577691,4.4404173,0.37529483,4.6756473,0.5333121,4.030883,1.748755,3.2894273,2.3201199,4.115972,1.9718146,3.605747,3-144510-A-30.wav,tutup
0.07805815871519721,0.12292061948067931,0.0058018137,0.032763124,2647.8979093609196,3029.555956726782,2413.348486158427,2574.301534023739,5560.962197288283,5997.078441417479,-532.87933,118.94493,25.068121,32.563423,4.4847198,16.761576,6.3744574,9.511918,-4.0671225,10.102053,2.4241896,5.697545,-0.29626063,5.5687914,1.9069419,4.828671,-0.57715243,5.744036,2.0654564,3.9151857,-0.16185914,5.5652943,1.6942674,3.9410317,0.1335935,4.649902,4-212698-A-39.wav,tutup
0.14333037267981438,0.17982451832406762,0.0058805966,0.015732622,3886.2553318012338,4143.675997033138,2330.609539015124,2345.176119158595,6480.195153893562,6645.610920461877,-614.8895,163.55363,-6.517164,27.53542,-6.0324254,17.693573,14.624764,17.651743,-7.5604196,12.758167,9.097025,12.265182,-2.10082,7.294894,6.215113,10.290732,1.0108019,6.1936936,5.7051625,7.9547243,-1.069734,7.2989197,5.9648666,8.32252,0.07329113,5.7455654,1-88807-A-39.wav,tutup
0.23282178980568446,0.05647269606446815,0.06521745,0.06519728,5850.742274092023,1073.6808663681118,3830.551435911156,681.4807477120395,10142.688243184455,1928.2867468858383,-260.76276,193.995,30.335285,34.4142,-61.84918,30.804085,38.60439,25.780418,-19.294174,14.020043,22.961056,13.32396,-13.109568,13.123308,14.459624,9.053311,-5.2551894,11.223535,10.881141,9.490313,-0.739054,7.2141027,8.017236,7.5298204,1.3111513,5.4250107,2-112213-A-39.wav,tutup
0.024812844402552204,0.011410281911419372,0.009707821,0.01915391,1886.153536155281,641.4972209924523,3619.34790255439,544.8219368422543,3088.840564276392,2275.875997177081,-502.0363,121.86888,147.35272,17.804296,32.37215,19.537226,0.51683265,9.3790045,-1.9632668,9.627966,13.64141,9.201281,3.9021719,8.007065,10.051712,4.3156385,5.8593874,8.0647135,8.504787,4.198391,4.4767604,6.1878123,5.398995,4.516111,3.1594675,4.285447,4-187284-A-30.wav,tutup
0.007114631670533643,0.008664108521875383,0.06710381,0.060329948,1191.4958672665541,1063.90587788943,2652.370695323047,1275.358736388354,2376.3463420823664,3437.044798722868,-432.48334,121.21255,116.70159,60.82289,42.135628,23.885386,37.963093,13.679912,23.611006,15.545605,24.743883,8.5930805,15.491312,9.435662,12.818216,6.6334605,11.064568,7.4311767,10.222339,6.4433374,7.329211,6.1642146,5.332208,6.405968,5.2011857,5.878236,2-120218-B-30.wav,tutup
0.03679782663863109,0.086898587243819,0.0072525055,0.040135432,1628.7120560437854,2492.41694619243,1776.7864641157905,2235.215799093448,3267.4012788210557,4591.529611144207,-557.4545,111.909355,7.2770615,12.2749815,2.4404728,13.716577,8.663956,12.591553,1.260997,12.0194645,6.0651274,8.52448,2.842002,6.616943,5.4507856,7.9437156,1.5163476,7.3110385,3.4482448,5.097079,2.053535,4.9037285,3.2222595,4.8474436,1.9318743,4.0374928,5-221528-A-39.wav,tutup
0.0012416618329466357,0.004057056615060712,0.03993328,0.05471848,119.91904564149975,284.0513745007833,519.8023203736153,760.8290752888466,134.29524361948955,607.1738034529734,-540.33014,62.911533,55.523117,72.62665,36.759254,46.01271,19.694311,25.201006,9.252021,12.693116,4.64969,6.4480376,3.0128527,4.5029297,2.4233882,3.6892896,2.136402,3.5552573,2.0528996,3.6404583,2.2449608,3.7452302,2.6550846,4.004964,3.1053214,4.367173,2-133889-A-30.wav,tutup
0.06937558910962877,0.14186821980142106,0.026393399,0.10209489,1641.6549560405504,3230.933481353891,963.9129690234953,1906.6395588086402,2771.6379966647332,5447.181624980379,-531.2903,157.39601,1.9542148,12.00815,-5.1675487,17.84536,5.4616513,12.786513,-5.0916915,13.20412,1.6234741,5.995412,-3.210516,8.203901,0.33390617,2.969233,-3.320532,8.757713,0.5630053,3.5537684,-2.2632155,6.5388002,-0.57742935,3.8362048,-3.329378,7.6777673,5-233607-A-39.wav,tutup
0.07459713964617169,0.06530958748543002,0.0075211017,0.015310321,4750.340347476968,3653.3629592259103,4366.620483704251,2289.774395567471,9027.558095272621,7078.055671702734,-652.24,107.248116,91.907715,104.399994,37.27523,37.172325,4.902416,22.863718,-2.1781685,15.205415,0.07595372,8.642816,1.8092713,5.246182,1.3891544,5.084118,0.31862843,5.299084,-0.699996,5.5785484,-0.79974324,5.723103,-0.2865642,5.065536,-0.4308489,4.772973,5-250026-A-30.wav,tutup
0.22478044337296985,0.047677809385694866,0.2958204,0.26899162,5653.499106416937,1157.8654460794262,3762.311998109192,848.721315932066,9643.12792289008,2016.3723875972648,-111.30567,191.2039,40.148575,28.48895,-58.843998,31.059456,35.686035,22.830767,-16.367975,16.893703,13.797817,14.764431,-6.819101,13.753873,5.2356052,11.896675,-2.701987,9.12798,0.13191532,9.499216,1.8237419,7.480961,-2.2215116,7.4797025,0.24334869,7.4083714,4-204777-A-39.wav,tutup
0.013666210484338748,0.01512926061921024,0.12200174,0.2113422,1283.0233940012042,992.9591469804294,2681.9481238028457,1346.1452380944702,2445.742210158063,2614.0436583123724,-379.79028,86.9114,73.370895,68.82232,36.179466,26.78379,19.639357,13.013655,11.871524,8.262949,8.7588,6.7920804,6.334494,6.2707996,6.077901,6.4455523,6.2744555,6.784671,7.351322,6.2138424,6.794077,5.5807834,5.8615456,5.2203364,5.7338514,5.0587263,5-256512-A-30.wav,tutup
0.12350456786542924,0.148263622948893,0.022934256,0.083780676,4060.9216726678314,3280.68475392908,3253.736499280263,2326.31094875368,7900.087573412123,5737.029095995691,-540.5205,166.5538,11.900911,28.058441,1.8396772,23.432947,21.009563,18.249342,2.1927607,18.31607,13.856001,12.183919,4.4316607,15.034502,7.7504215,8.353392,4.0141263,10.60825,10.0015955,9.641132,-0.899824,6.957155,2.159874,6.266775,0.5781692,6.0707335,1-85168-A-39.wav,tutup
0.007761519359048724,0.011257854119178717,0.053136505,0.08836716,865.6079127963756,1307.827991711466,1550.7382899325287,1756.434146301271,1816.2832167198376,3387.0378311499603,-454.30408,113.89085,99.39631,95.682655,29.221006,31.296356,13.574589,13.751047,13.696905,14.418465,5.1459055,8.024926,-3.056397,8.961477,-0.112628765,5.5768514,5.8046284,8.573925,4.9946175,6.756941,-0.14559084,5.2037277,-1.8429533,5.322777,-0.2039763,4.350238,1-101336-A-30.wav,tutup
0.013558584686774943,0.02855045832505431,0.033473123,0.07386592,1350.3006304230998,2215.089303322572,1928.7265155582124,2451.4406275652314,3242.120998586137,5555.217635893108,-498.56512,56.09179,34.400116,58.182873,23.95281,35.09337,16.698896,21.490156,12.166895,14.562026,9.721316,11.114028,7.6288915,9.434824,7.2860584,8.427644,6.123309,7.473899,5.1651897,7.088663,4.81168,6.5881605,4.534819,6.4218736,4.704747,5.8171988,4-182039-A-30.wav,tutup
0.03876567937935035,0.018179674218608513,0.040288784,0.059849545,2343.9202957612547,1554.9083771086152,3041.6494525192575,2015.2689460352726,5511.250974296694,4703.225362037244,-436.3661,148.87286,145.42186,98.238914,4.3539314,26.547344,-9.053585,27.976187,4.0859327,14.04703,5.0680037,11.259136,5.6541224,7.660407,9.489605,5.8888783,7.9864216,6.8990083,5.6819925,7.6416564,9.822409,7.3310757,7.613712,6.654956,3.733834,6.0783854,4-186518-A-30.wav,tutup
0.023040983903712297,0.029455728410362533,0.015715625,0.016484737,2096.163271559912,1874.1369655819472,3506.322344827041,1601.9093664073787,4476.458159621519,5262.672862135461,-580.04834,106.74679,105.98248,57.94335,46.09008,27.2411,32.482586,18.400707,22.511383,18.076954,22.963226,10.267434,15.5854435,11.551251,13.247874,9.048157,11.833539,7.4108744,7.935296,6.748459,6.336633,6.533455,8.084655,4.386256,5.745808,6.0872526,3-180147-A-30.wav,tutup
0.00816483287412993,0.012441190314635907,0.047427792,0.13214555,883.0528735506397,1351.9379757158017,1482.4148916815655,1724.2318139906508,1717.5602251305104,2905.098625062796,-415.3237,111.59697,49.843163,65.09318,14.440379,19.947027,9.161103,12.521486,0.551465,7.501175,6.827784,11.005844,5.315345,7.683576,4.0305514,5.676221,2.648581,4.5636272,1.1988128,4.9369354,3.0598285,5.4188075,2.3475177,4.1692142,2.0894961,3.75964,2-118625-A-30.wav,tutup
0.16638041980858467,0.10345608085249844,0.025245659,0.048570618,5795.748786840365,1164.2257650457507,4947.861125841495,691.7879615738896,11521.61261963457,1836.2510630319168,-387.1609,205.82242,37.194588,31.776499,-19.047506,21.659195,14.469648,14.830751,-11.212324,15.656581,6.946154,7.8353243,-11.208308,13.649089,3.5501106,6.6851315,-8.517441,11.159682,2.038267,5.225497,-7.8618474,9.781567,0.5702309,7.151865,-5.800871,8.24054,2-173559-A-39.wav,tutup
0.004963248622389792,0.011044369622110424,0.009067383,0.030971376,366.58780552792854,882.5510361473662,634.952026342412,1428.1575521488646,764.2538473390372,2229.7212178838863,-555.2142,92.695305,30.435514,67.391975,7.8699026,19.230429,3.180432,9.9636135,-2.3628333,9.9868765,-0.33794054,4.0976963,-0.28561187,3.2093017,0.12022278,3.1136138,0.22433539,3.309696,0.6566661,3.1199002,0.45837963,3.0684912,0.7691422,3.2130818,-0.18644534,2.1767395,3-154378-A-30.wav,tutup
0.06773061376160093,0.06451433417701458,0.026994439,0.044810154,3056.6551693395695,2799.803338385868,3418.9660520201737,1976.1055915250522,5910.439589073376,6215.988585332357,-493.9921,124.59505,149.2994,97.3269,38.056328,18.186697,-13.877332,24.854635,-7.511609,17.973614,12.768938,10.021707,7.7051473,6.438711,1.2920194,7.561708,3.0175946,6.6182213,8.952383,4.510579,8.316722,4.9042187,3.480765,4.1906776,-0.5986283,5.324474,5-251426-A-30.wav,tutup
0.007462432932134571,0.012511264353625645,0.020374818,0.052467942,1080.987450052603,1705.1679806332481,1703.2791563908343,2081.489221121817,2472.2715160962875,3884.6508845221815,-514.23987,101.664665,37.95743,61.369305,10.71062,15.884414,9.546789,13.699475,4.199824,8.738189,8.382498,11.490887,7.42609,10.400017,4.9156847,6.2697268,3.6510413,5.569915,3.1461804,5.0168295,3.6381345,5.370668,3.5365422,5.2401004,2.8786724,4.479826,2-118624-A-30.wav,tutup
0.03973317865429234,0.09999762856020566,0.029369947,0.082207926,1463.8092399142222,2722.529603322705,1248.5775513712142,2182.0380249628884,2962.189357961137,5232.997533257381,-469.76285,178.42741,13.304303,26.696,-0.8584839,7.360751,7.5670185,14.033217,-1.633081,7.470755,9.112833,16.90573,-2.9216077,6.7984147,6.513575,12.420483,-0.21616222,4.5654798,3.6080906,7.8143516,0.31013232,4.2503204,2.3251462,5.4923034,-0.39889616,3.415332,3-203371-A-39.wav,tutup
0.01525454067575406,0.023809664817422537,0.0137442285,0.05520901,1280.595299349267,2170.206736322049,1672.0666014290298,2416.382300596196,2943.453972411543,5162.4246373858605,-520.7831,76.81063,26.744017,61.86613,10.660564,22.500788,3.6959743,10.956603,1.278235,8.009613,1.2114,4.6352463,0.4718051,4.0201283,-0.79319733,4.0809665,-2.0252354,5.696234,-2.4129891,5.596494,-2.4010148,5.0835633,-2.3394494,4.5864496,-2.1798913,4.0251136,3-170574-A-30.wav,tutup
0.04723979480858469,0.12138443258343927,0.0050898707,0.024132818,1101.2806538424636,2766.746148632821,644.8444370083107,1602.1239770598377,1822.6282672926334,4580.578887384564,-611.606,127.24032,2.4440923,15.406939,-3.4049888,13.41946,4.358192,12.41106,-5.5188923,14.765643,2.5616746,8.289058,0.25793839,5.021588,2.9568238,8.2146635,-0.58416134,4.505493,1.8196516,6.0215764,-0.72832674,4.27342,1.2189995,4.335795,-0.37041372,3.414609,5-260433-A-39.wav,tutup
0.1286264229263341,0.169250010424111,0.066688985,0.11234954,3863.691218051097,4173.88748880334,3396.3338102366033,2063.990289107116,6563.480187790024,7340.595806505257,-465.3862,66.582016,46.917027,56.962193,24.890108,24.854809,22.13057,21.156462,18.762215,17.373955,14.127597,12.792937,13.281202,11.857099,11.459055,9.92508,10.91832,9.723207,10.339885,9.429726,7.4847918,6.7185626,6.166332,5.438113,5.986582,5.401123,4-261068-A-30.wav,tutup
0.12191737057714618,0.06934415740023853,0.013847461,0.039618336,4677.793111522076,1777.6955002291866,4812.275783901176,1354.8408304671445,10766.651523528133,4369.45924053866,-509.4236,65.21854,86.292206,64.45617,23.61455,19.54208,7.0969057,10.705054,12.619595,14.054454,12.150221,7.7346425,3.6129012,4.9648433,6.137168,4.92863,5.9791093,4.6400785,4.6855493,5.204626,2.6030784,4.699084,3.0320625,4.497802,-0.6975246,4.4124317,4-188878-A-30.wav,tutup
0.13839544663573086,0.10977140433057928,0.28457543,0.342973,3974.117992836846,2988.2433490734415,2931.2920122730065,2179.574085696405,7236.50519775957,5362.7779706598885,-180.55591,273.47192,37.072437,37.18585,-26.784702,27.504126,19.257858,19.306908,-12.146985,15.160278,11.804228,14.974494,-5.9484973,10.009121,3.434614,7.986161,-1.8536513,5.6146636,-0.7825354,5.155144,0.17754687,4.4480934,-0.33436793,4.597576,1.1996225,4.647985,4-204777-C-39.wav,tutup
0.14634162920533642,0.12202683110442879,0.031561002,0.053834442,4837.0858003755675,2503.6028248047214,4169.453601621979,1726.2947991412307,9681.398070439385,4309.9254534113425,-419.17923,217.63571,36.81729,26.653645,1.3089072,23.814737,21.044792,14.808335,-2.6533601,14.699036,10.353305,9.850066,-5.013443,13.252663,6.5614824,7.1367793,-2.7820516,9.560689,2.8535068,4.519828,-1.9548892,7.324457,1.6836125,5.1769624,-3.4122596,7.181024,5-257642-A-39.wav,tutup
0.015446001305104408,0.04372941778684197,0.029553862,0.041124236,1385.9030839372947,2099.8019633468684,2189.7015827447613,2305.090606115234,2954.645242713167,4936.606124781711,-524.5349,128.75876,58.937115,74.63651,31.054386,38.583813,19.452642,21.57473,0.15336174,10.707599,6.123834,9.442762,0.62679875,4.6643977,10.0799265,10.488994,1.665548,4.583322,7.3400645,8.412784,-1.0383506,5.0071177,4.852204,6.701507,-2.102779,5.5084243,3-182025-A-30.wav,tutup
0.04372099767981438,0.08789947076427515,0.086484715,0.13296813,2468.5928375288236,3163.3426329014833,2839.7245770531076,2480.9822800221423,4903.924716321056,6636.922807753682,-408.9421,72.598114,46.368507,60.428814,28.988266,34.5196,21.301561,20.907398,10.060277,11.310683,12.342488,11.023209,7.499815,7.387804,10.551674,8.889449,4.104446,5.061054,5.640634,6.7579174,0.76783305,5.6456113,4.482862,6.026167,2.047093,4.0154614,3-182023-A-30.wav,tutup
0.06661583707946636,0.13349621232696365,0.017574407,0.082712494,1726.9022216992987,3369.708305319993,1064.2180812136655,2064.984997195613,2982.2736912703017,5771.5182327356215,-591.36224,154.97844,0.7283073,9.383276,-4.668558,19.732239,4.8092566,11.910288,-1.9932219,8.531478,2.7087238,7.072598,-2.4278414,8.448457,1.2302736,3.8912601,-3.4235046,10.316782,0.1376161,2.1237395,-2.9661403,8.084813,-0.052236244,2.9752092,-3.328271,8.524181,5-233605-A-39.wav,tutup
0.02804841574825986,0.07099900930793014,0.012958414,0.07177882,860.969961936652,2010.6910752102492,787.1283609068292,1760.5187925078137,1804.8421412775522,4112.968334928502,-551.7331,143.12782,13.401299,32.00858,-1.8734063,11.975426,4.3188715,10.869833,-1.8848921,6.079972,3.2698948,9.515975,-1.0081853,4.663324,1.7641352,5.38961,-1.0426364,5.135694,1.4556302,5.3099146,-1.0077022,4.5247855,0.98586833,3.5891528,-0.8688333,3.6018784,1-84705-A-39.wav,tutup
0.2335978284512761,0.06378407243336542,0.28080717,0.29820555,5943.758379080958,1107.934106533866,4178.902529471813,626.2342103496658,10726.083168684745,1470.7116929546555,-120.62322,215.28258,42.178726,26.367128,-34.425964,32.287025,30.518688,15.947623,-16.945911,17.715229,14.237393,10.256262,-10.258914,13.1984215,6.426344,8.0661335,-1.708456,7.786522,3.535635,6.4578137,2.2643352,7.259544,-0.24499576,6.5999722,2.8699634,5.9392505,4-204777-B-39.wav,tutup
0.01834170171113689,0.015250767048403734,0.043541748,0.03327222,1420.5760414658612,1027.8075618782213,2191.618491858897,905.3899938211449,3146.8952789660675,2665.0530992082513,-365.7167,104.542694,158.67068,44.370895,14.689524,39.476883,30.33785,27.128494,-2.1376438,15.735774,18.078588,11.671175,14.334611,11.014434,-2.5684342,10.798624,8.136696,10.054916,1.4803526,6.6201925,-1.632416,6.9292355,5.85841,7.5685635,2.9388945,5.872457,5-250026-B-30.wav,tutup
0.014208871084686775,0.016909598527311366,0.13147047,0.16280444,1437.022488043335,1711.3427523779787,2293.821152865097,1664.0098313339838,3000.1597393416473,4043.956674161384,-312.41876,144.8026,111.923744,72.56331,23.96997,25.856962,18.600985,18.980986,6.608284,11.686181,16.70396,11.662429,7.536877,10.74918,9.223197,8.700492,0.8404704,6.714445,2.4467185,6.710219,2.3839765,6.7818213,-0.5183533,5.8438983,1.2418271,5.3776703,1-81001-B-30.wav,tutup
0.06092073303364269,0.10640797557700718,0.020785954,0.06515681,2302.787814592252,3071.769185410056,2160.9752764988634,2637.643687181215,4950.4883945403135,6223.778153227834,-504.21063,181.87782,15.337975,26.89576,-0.7576678,12.656261,9.370625,14.574694,-1.5030082,11.7299595,6.001835,9.892174,-0.8890314,8.935636,4.63415,7.33674,0.073034585,7.6623864,6.0397696,9.513557,-1.0649318,7.499815,4.2046146,6.614098,0.009323368,6.930983,1-84704-A-39.wav,tutup
0.06733523056844548,0.1047428088624233,0.02089985,0.033549353,1698.6644135046245,2572.9372642999847,1120.652972910124,1690.2173417287338,2878.204869670824,4389.420387286658,-547.93506,261.11227,17.803755,30.86043,-20.536629,32.411457,21.373013,33.521843,-4.1376324,9.005258,8.018559,12.997441,-5.8922043,9.757883,1.3745617,5.2147994,-5.141593,8.496108,2.8244903,5.313923,-3.9443977,7.2486167,0.7963551,3.543486,-2.0890434,4.0223746,2-141563-A-39.wav,tutup
0.05882146352958237,0.13537547768514482,0.011878306,0.048742794,1295.2313252452818,2896.1106383540864,776.6315825913346,1712.654842488074,2080.127406286253,4635.098210136018,-609.6928,172.47379,6.3786535,18.67805,-4.6162925,12.3873005,3.77481,11.059938,-5.1802535,13.789328,6.0672565,14.112833,-4.054359,10.530675,2.9657483,7.7935176,-1.3339992,7.078992,1.0376122,4.787297,-1.7339145,6.389798,1.5770125,4.877926,-1.7242395,4.4759083,3-203377-A-39.wav,tutup
0.017904401102088168,0.04095657411620224,0.008527504,0.02646215,721.8789602256913,1634.0467747477542,812.1503894373717,1503.020690931969,1309.8782355713456,2925.4863898128056,-592.8288,101.87602,44.092476,82.8636,8.764895,18.414442,-0.60017043,7.8822417,-1.6156242,6.0882316,-0.3910056,4.940064,-0.025083538,5.1646605,-1.6389575,4.709248,-2.425289,5.40809,-3.2548337,6.785297,-2.809623,5.4876776,-1.1992489,3.2250087,-1.5646545,3.3115044,2-140841-A-30.wav,tutup
0.12365411107888631,0.1050286625051435,0.017923307,0.038786918,3032.7632988524006,2376.3267047437894,2321.9166491522506,1818.4516890001491,5314.054796258701,4219.444086253072,-449.1719,155.16232,41.5182,35.979034,-30.149618,37.55932,11.647748,16.530706,-9.250789,18.943033,3.5138898,9.405206,-5.5353975,10.450242,0.3336033,12.06749,-0.2415348,4.8877516,-3.6672754,6.489791,-1.547669,8.887662,3.1999092,6.305668,-2.4812284,7.459946,2-250710-A-39.wav,tutup
0.027007277769721578,0.05204609415041072,0.109559365,0.11075596,2346.756370134858,2862.456525898489,3057.751867951862,2161.168104979092,4936.349423578887,6394.7446430440705,-397.20822,95.334984,92.84853,72.80378,28.553719,34.30494,20.698265,21.540417,8.306844,10.915701,10.968208,7.947317,18.36738,14.656616,11.30198,9.709048,4.8687124,8.870159,4.0529776,9.636217,6.530725,8.8449745,7.9787064,5.468709,8.836627,5.021186,1-26188-A-30.wav,tutup
0.09786470417633411,0.112879949156328,0.039412912,0.059839334,4753.428205734431,3428.228981206506,4538.70274177054,1938.2840493182923,9345.010468024942,6860.151008368471,-461.67917,61.223072,50.096394,58.223145,32.02894,32.974876,26.20913,15.344242,10.552662,8.002755,14.963533,7.649522,6.545077,5.5691905,12.899009,6.008526,5.577262,5.4028716,10.640872,6.1615663,3.063032,5.298651,7.450554,6.1835437,2.2392516,4.2992587,4-182034-A-30.wav,tutup
0.06022626341357309,0.09071573033371078,0.0035320378,0.010126036,1917.4964116179376,2384.195555716126,1603.6660968581486,1978.0583403981038,3276.444224912993,3997.6107246493984,-705.74677,210.90355,33.383087,46.42615,-22.559103,36.442844,23.053686,30.005505,-4.7855983,19.101204,3.1881588,8.246064,1.7259121,12.93776,2.6777809,5.669181,1.6611371,6.6669106,1.7425025,4.859685,2.7156272,5.321015,1.8983234,3.7486653,1.0118711,3.7684731,4-204121-A-39.wav,tutup
0.07006892582656613,0.12036495427825848,0.004007708,0.014065559,2317.3147225288276,2978.7732051171706,2095.4290339767904,2297.56634715392,4465.6166165168215,5309.835392297691,-686.3823,188.45583,29.448366,44.711906,-2.358031,22.938812,10.332873,16.228733,-3.8528273,14.449669,4.1060395,8.258319,-0.98635405,10.078989,6.4150004,9.300647,-0.6779734,7.8453298,5.4167414,7.957903,2.0249414,5.2645044,2.9272923,6.030283,-0.1960712,5.5456514,5-221529-A-39.wav,tutup
0.016810016676334107,0.021783940613508353,0.029154506,0.031937808,2216.6646454038914,1925.1844781180882,3542.289738846771,1669.657831495169,5075.540847955336,5342.328214447531,-528.813,87.59408,83.79976,59.873623,38.742973,23.562304,35.613888,14.665706,26.005108,11.50351,20.2466,9.070316,15.765317,7.280649,10.81059,7.747373,10.609516,6.40981,10.345865,6.6429234,9.663845,5.3154645,8.22302,4.6592207,5.7998247,6.4221163,2-120218-A-30.wav,tutup
0.086923125725058,0.15122399729032127,0.005126493,0.025847368,2440.397756120146,3980.560475380373,1315.9398878018685,2146.389138799534,3803.632993764501,6126.443499630792,-592.5132,95.53297,-6.9472904,24.173954,-3.8891788,14.543305,4.360305,10.878915,-2.1305025,7.0730195,1.7661929,5.4428306,-1.1819433,4.929715,2.9664888,7.6571703,-0.35441044,4.302666,2.5039806,5.9271145,-1.572768,5.8237467,1.0503587,3.4206462,0.95361966,3.4875264,1-977-A-39.wav,tutup
